Method,time_start,time_end,n_time,n_coord_u,n_coord_v,E_u_cl_abs_ensemble_rms_L2_time_mean,E_v_cl_abs_ensemble_rms_L2_time_mean,E_cl_abs_ensemble_rms_L2_time_mean,u_centerline_abs_ensemble_rms_spacetime_mean,v_centerline_abs_ensemble_rms_spacetime_mean,centerline_abs_ensemble_rms_spacetime_mean
Ours,0.1,40.0,400,65,65,0.00021111690904178533,0.00017160241359499023,0.0001913596613183878,0.00019325583675110127,0.00016398559575257554,0.0001786207162518384
DNS_128,0.1,40.0,400,65,65,0.0018608925889892997,0.0014887533345364762,0.001674822961762888,0.0013616572233484722,0.001255268831576365,0.0013084630274624186
DNS_64,0.1,40.0,400,65,65,0.00851318599578561,0.006614095336943302,0.007563640666364456,0.006114831539819385,0.005537571873323003,0.0058262017065711935
